--
-- PostgreSQL database dump
--

SET statement_timeout = 0;
SET lock_timeout = 0;
SET client_encoding = 'UTF8';
SET standard_conforming_strings = on;
SELECT pg_catalog.set_config('search_path', '', false);
SET check_function_bodies = false;
SET client_min_messages = warning;

--
-- Name: DATABASE postgres; Type: COMMENT; Schema: -; Owner: postgres
--

COMMENT ON DATABASE postgres IS 'default administrative connection database';


--
-- Name: plpgsql; Type: EXTENSION; Schema: -; Owner: 
--

CREATE EXTENSION IF NOT EXISTS plpgsql WITH SCHEMA pg_catalog;


--
-- Name: EXTENSION plpgsql; Type: COMMENT; Schema: -; Owner: 
--

COMMENT ON EXTENSION plpgsql IS 'PL/pgSQL procedural language';


SET default_tablespace = '';

SET default_with_oids = false;

--
-- Name: auth_group; Type: TABLE; Schema: public; Owner: postgres; Tablespace: 
--

CREATE TABLE public.auth_group (
    id integer NOT NULL,
    name character varying(80) NOT NULL
);


ALTER TABLE public.auth_group OWNER TO postgres;

--
-- Name: auth_group_id_seq; Type: SEQUENCE; Schema: public; Owner: postgres
--

CREATE SEQUENCE public.auth_group_id_seq
    START WITH 1
    INCREMENT BY 1
    NO MINVALUE
    NO MAXVALUE
    CACHE 1;


ALTER TABLE public.auth_group_id_seq OWNER TO postgres;

--
-- Name: auth_group_id_seq; Type: SEQUENCE OWNED BY; Schema: public; Owner: postgres
--

ALTER SEQUENCE public.auth_group_id_seq OWNED BY public.auth_group.id;


--
-- Name: auth_group_permissions; Type: TABLE; Schema: public; Owner: postgres; Tablespace: 
--

CREATE TABLE public.auth_group_permissions (
    id integer NOT NULL,
    group_id integer NOT NULL,
    permission_id integer NOT NULL
);


ALTER TABLE public.auth_group_permissions OWNER TO postgres;

--
-- Name: auth_group_permissions_id_seq; Type: SEQUENCE; Schema: public; Owner: postgres
--

CREATE SEQUENCE public.auth_group_permissions_id_seq
    START WITH 1
    INCREMENT BY 1
    NO MINVALUE
    NO MAXVALUE
    CACHE 1;


ALTER TABLE public.auth_group_permissions_id_seq OWNER TO postgres;

--
-- Name: auth_group_permissions_id_seq; Type: SEQUENCE OWNED BY; Schema: public; Owner: postgres
--

ALTER SEQUENCE public.auth_group_permissions_id_seq OWNED BY public.auth_group_permissions.id;


--
-- Name: auth_permission; Type: TABLE; Schema: public; Owner: postgres; Tablespace: 
--

CREATE TABLE public.auth_permission (
    id integer NOT NULL,
    name character varying(255) NOT NULL,
    content_type_id integer NOT NULL,
    codename character varying(100) NOT NULL
);


ALTER TABLE public.auth_permission OWNER TO postgres;

--
-- Name: auth_permission_id_seq; Type: SEQUENCE; Schema: public; Owner: postgres
--

CREATE SEQUENCE public.auth_permission_id_seq
    START WITH 1
    INCREMENT BY 1
    NO MINVALUE
    NO MAXVALUE
    CACHE 1;


ALTER TABLE public.auth_permission_id_seq OWNER TO postgres;

--
-- Name: auth_permission_id_seq; Type: SEQUENCE OWNED BY; Schema: public; Owner: postgres
--

ALTER SEQUENCE public.auth_permission_id_seq OWNED BY public.auth_permission.id;


--
-- Name: auth_user; Type: TABLE; Schema: public; Owner: postgres; Tablespace: 
--

CREATE TABLE public.auth_user (
    id integer NOT NULL,
    password character varying(128) NOT NULL,
    last_login timestamp with time zone,
    is_superuser boolean NOT NULL,
    username character varying(30) NOT NULL,
    first_name character varying(30) NOT NULL,
    last_name character varying(30) NOT NULL,
    email character varying(254) NOT NULL,
    is_staff boolean NOT NULL,
    is_active boolean NOT NULL,
    date_joined timestamp with time zone NOT NULL
);


ALTER TABLE public.auth_user OWNER TO postgres;

--
-- Name: auth_user_groups; Type: TABLE; Schema: public; Owner: postgres; Tablespace: 
--

CREATE TABLE public.auth_user_groups (
    id integer NOT NULL,
    user_id integer NOT NULL,
    group_id integer NOT NULL
);


ALTER TABLE public.auth_user_groups OWNER TO postgres;

--
-- Name: auth_user_groups_id_seq; Type: SEQUENCE; Schema: public; Owner: postgres
--

CREATE SEQUENCE public.auth_user_groups_id_seq
    START WITH 1
    INCREMENT BY 1
    NO MINVALUE
    NO MAXVALUE
    CACHE 1;


ALTER TABLE public.auth_user_groups_id_seq OWNER TO postgres;

--
-- Name: auth_user_groups_id_seq; Type: SEQUENCE OWNED BY; Schema: public; Owner: postgres
--

ALTER SEQUENCE public.auth_user_groups_id_seq OWNED BY public.auth_user_groups.id;


--
-- Name: auth_user_id_seq; Type: SEQUENCE; Schema: public; Owner: postgres
--

CREATE SEQUENCE public.auth_user_id_seq
    START WITH 1
    INCREMENT BY 1
    NO MINVALUE
    NO MAXVALUE
    CACHE 1;


ALTER TABLE public.auth_user_id_seq OWNER TO postgres;

--
-- Name: auth_user_id_seq; Type: SEQUENCE OWNED BY; Schema: public; Owner: postgres
--

ALTER SEQUENCE public.auth_user_id_seq OWNED BY public.auth_user.id;


--
-- Name: auth_user_user_permissions; Type: TABLE; Schema: public; Owner: postgres; Tablespace: 
--

CREATE TABLE public.auth_user_user_permissions (
    id integer NOT NULL,
    user_id integer NOT NULL,
    permission_id integer NOT NULL
);


ALTER TABLE public.auth_user_user_permissions OWNER TO postgres;

--
-- Name: auth_user_user_permissions_id_seq; Type: SEQUENCE; Schema: public; Owner: postgres
--

CREATE SEQUENCE public.auth_user_user_permissions_id_seq
    START WITH 1
    INCREMENT BY 1
    NO MINVALUE
    NO MAXVALUE
    CACHE 1;


ALTER TABLE public.auth_user_user_permissions_id_seq OWNER TO postgres;

--
-- Name: auth_user_user_permissions_id_seq; Type: SEQUENCE OWNED BY; Schema: public; Owner: postgres
--

ALTER SEQUENCE public.auth_user_user_permissions_id_seq OWNED BY public.auth_user_user_permissions.id;


--
-- Name: celery_taskmeta; Type: TABLE; Schema: public; Owner: postgres; Tablespace: 
--

CREATE TABLE public.celery_taskmeta (
    id integer NOT NULL,
    task_id character varying(255) NOT NULL,
    status character varying(50) NOT NULL,
    result text,
    date_done timestamp with time zone NOT NULL,
    traceback text,
    hidden boolean NOT NULL,
    meta text
);


ALTER TABLE public.celery_taskmeta OWNER TO postgres;

--
-- Name: celery_taskmeta_id_seq; Type: SEQUENCE; Schema: public; Owner: postgres
--

CREATE SEQUENCE public.celery_taskmeta_id_seq
    START WITH 1
    INCREMENT BY 1
    NO MINVALUE
    NO MAXVALUE
    CACHE 1;


ALTER TABLE public.celery_taskmeta_id_seq OWNER TO postgres;

--
-- Name: celery_taskmeta_id_seq; Type: SEQUENCE OWNED BY; Schema: public; Owner: postgres
--

ALTER SEQUENCE public.celery_taskmeta_id_seq OWNED BY public.celery_taskmeta.id;


--
-- Name: celery_tasksetmeta; Type: TABLE; Schema: public; Owner: postgres; Tablespace: 
--

CREATE TABLE public.celery_tasksetmeta (
    id integer NOT NULL,
    taskset_id character varying(255) NOT NULL,
    result text NOT NULL,
    date_done timestamp with time zone NOT NULL,
    hidden boolean NOT NULL
);


ALTER TABLE public.celery_tasksetmeta OWNER TO postgres;

--
-- Name: celery_tasksetmeta_id_seq; Type: SEQUENCE; Schema: public; Owner: postgres
--

CREATE SEQUENCE public.celery_tasksetmeta_id_seq
    START WITH 1
    INCREMENT BY 1
    NO MINVALUE
    NO MAXVALUE
    CACHE 1;


ALTER TABLE public.celery_tasksetmeta_id_seq OWNER TO postgres;

--
-- Name: celery_tasksetmeta_id_seq; Type: SEQUENCE OWNED BY; Schema: public; Owner: postgres
--

ALTER SEQUENCE public.celery_tasksetmeta_id_seq OWNED BY public.celery_tasksetmeta.id;


--
-- Name: django_admin_log; Type: TABLE; Schema: public; Owner: postgres; Tablespace: 
--

CREATE TABLE public.django_admin_log (
    id integer NOT NULL,
    action_time timestamp with time zone NOT NULL,
    object_id text,
    object_repr character varying(200) NOT NULL,
    action_flag smallint NOT NULL,
    change_message text NOT NULL,
    content_type_id integer,
    user_id integer NOT NULL,
    CONSTRAINT django_admin_log_action_flag_check CHECK ((action_flag >= 0))
);


ALTER TABLE public.django_admin_log OWNER TO postgres;

--
-- Name: django_admin_log_id_seq; Type: SEQUENCE; Schema: public; Owner: postgres
--

CREATE SEQUENCE public.django_admin_log_id_seq
    START WITH 1
    INCREMENT BY 1
    NO MINVALUE
    NO MAXVALUE
    CACHE 1;


ALTER TABLE public.django_admin_log_id_seq OWNER TO postgres;

--
-- Name: django_admin_log_id_seq; Type: SEQUENCE OWNED BY; Schema: public; Owner: postgres
--

ALTER SEQUENCE public.django_admin_log_id_seq OWNED BY public.django_admin_log.id;


--
-- Name: django_content_type; Type: TABLE; Schema: public; Owner: postgres; Tablespace: 
--

CREATE TABLE public.django_content_type (
    id integer NOT NULL,
    app_label character varying(100) NOT NULL,
    model character varying(100) NOT NULL
);


ALTER TABLE public.django_content_type OWNER TO postgres;

--
-- Name: django_content_type_id_seq; Type: SEQUENCE; Schema: public; Owner: postgres
--

CREATE SEQUENCE public.django_content_type_id_seq
    START WITH 1
    INCREMENT BY 1
    NO MINVALUE
    NO MAXVALUE
    CACHE 1;


ALTER TABLE public.django_content_type_id_seq OWNER TO postgres;

--
-- Name: django_content_type_id_seq; Type: SEQUENCE OWNED BY; Schema: public; Owner: postgres
--

ALTER SEQUENCE public.django_content_type_id_seq OWNED BY public.django_content_type.id;


--
-- Name: django_migrations; Type: TABLE; Schema: public; Owner: postgres; Tablespace: 
--

CREATE TABLE public.django_migrations (
    id integer NOT NULL,
    app character varying(255) NOT NULL,
    name character varying(255) NOT NULL,
    applied timestamp with time zone NOT NULL
);


ALTER TABLE public.django_migrations OWNER TO postgres;

--
-- Name: django_migrations_id_seq; Type: SEQUENCE; Schema: public; Owner: postgres
--

CREATE SEQUENCE public.django_migrations_id_seq
    START WITH 1
    INCREMENT BY 1
    NO MINVALUE
    NO MAXVALUE
    CACHE 1;


ALTER TABLE public.django_migrations_id_seq OWNER TO postgres;

--
-- Name: django_migrations_id_seq; Type: SEQUENCE OWNED BY; Schema: public; Owner: postgres
--

ALTER SEQUENCE public.django_migrations_id_seq OWNED BY public.django_migrations.id;


--
-- Name: django_session; Type: TABLE; Schema: public; Owner: postgres; Tablespace: 
--

CREATE TABLE public.django_session (
    session_key character varying(40) NOT NULL,
    session_data text NOT NULL,
    expire_date timestamp with time zone NOT NULL
);


ALTER TABLE public.django_session OWNER TO postgres;

--
-- Name: djcelery_crontabschedule; Type: TABLE; Schema: public; Owner: postgres; Tablespace: 
--

CREATE TABLE public.djcelery_crontabschedule (
    id integer NOT NULL,
    minute character varying(64) NOT NULL,
    hour character varying(64) NOT NULL,
    day_of_week character varying(64) NOT NULL,
    day_of_month character varying(64) NOT NULL,
    month_of_year character varying(64) NOT NULL
);


ALTER TABLE public.djcelery_crontabschedule OWNER TO postgres;

--
-- Name: djcelery_crontabschedule_id_seq; Type: SEQUENCE; Schema: public; Owner: postgres
--

CREATE SEQUENCE public.djcelery_crontabschedule_id_seq
    START WITH 1
    INCREMENT BY 1
    NO MINVALUE
    NO MAXVALUE
    CACHE 1;


ALTER TABLE public.djcelery_crontabschedule_id_seq OWNER TO postgres;

--
-- Name: djcelery_crontabschedule_id_seq; Type: SEQUENCE OWNED BY; Schema: public; Owner: postgres
--

ALTER SEQUENCE public.djcelery_crontabschedule_id_seq OWNED BY public.djcelery_crontabschedule.id;


--
-- Name: djcelery_intervalschedule; Type: TABLE; Schema: public; Owner: postgres; Tablespace: 
--

CREATE TABLE public.djcelery_intervalschedule (
    id integer NOT NULL,
    every integer NOT NULL,
    period character varying(24) NOT NULL
);


ALTER TABLE public.djcelery_intervalschedule OWNER TO postgres;

--
-- Name: djcelery_intervalschedule_id_seq; Type: SEQUENCE; Schema: public; Owner: postgres
--

CREATE SEQUENCE public.djcelery_intervalschedule_id_seq
    START WITH 1
    INCREMENT BY 1
    NO MINVALUE
    NO MAXVALUE
    CACHE 1;


ALTER TABLE public.djcelery_intervalschedule_id_seq OWNER TO postgres;

--
-- Name: djcelery_intervalschedule_id_seq; Type: SEQUENCE OWNED BY; Schema: public; Owner: postgres
--

ALTER SEQUENCE public.djcelery_intervalschedule_id_seq OWNED BY public.djcelery_intervalschedule.id;


--
-- Name: djcelery_periodictask; Type: TABLE; Schema: public; Owner: postgres; Tablespace: 
--

CREATE TABLE public.djcelery_periodictask (
    id integer NOT NULL,
    name character varying(200) NOT NULL,
    task character varying(200) NOT NULL,
    args text NOT NULL,
    kwargs text NOT NULL,
    queue character varying(200),
    exchange character varying(200),
    routing_key character varying(200),
    expires timestamp with time zone,
    enabled boolean NOT NULL,
    last_run_at timestamp with time zone,
    total_run_count integer NOT NULL,
    date_changed timestamp with time zone NOT NULL,
    description text NOT NULL,
    crontab_id integer,
    interval_id integer,
    CONSTRAINT djcelery_periodictask_total_run_count_check CHECK ((total_run_count >= 0))
);


ALTER TABLE public.djcelery_periodictask OWNER TO postgres;

--
-- Name: djcelery_periodictask_id_seq; Type: SEQUENCE; Schema: public; Owner: postgres
--

CREATE SEQUENCE public.djcelery_periodictask_id_seq
    START WITH 1
    INCREMENT BY 1
    NO MINVALUE
    NO MAXVALUE
    CACHE 1;


ALTER TABLE public.djcelery_periodictask_id_seq OWNER TO postgres;

--
-- Name: djcelery_periodictask_id_seq; Type: SEQUENCE OWNED BY; Schema: public; Owner: postgres
--

ALTER SEQUENCE public.djcelery_periodictask_id_seq OWNED BY public.djcelery_periodictask.id;


--
-- Name: djcelery_periodictasks; Type: TABLE; Schema: public; Owner: postgres; Tablespace: 
--

CREATE TABLE public.djcelery_periodictasks (
    ident smallint NOT NULL,
    last_update timestamp with time zone NOT NULL
);


ALTER TABLE public.djcelery_periodictasks OWNER TO postgres;

--
-- Name: djcelery_taskstate; Type: TABLE; Schema: public; Owner: postgres; Tablespace: 
--

CREATE TABLE public.djcelery_taskstate (
    id integer NOT NULL,
    state character varying(64) NOT NULL,
    task_id character varying(36) NOT NULL,
    name character varying(200),
    tstamp timestamp with time zone NOT NULL,
    args text,
    kwargs text,
    eta timestamp with time zone,
    expires timestamp with time zone,
    result text,
    traceback text,
    runtime double precision,
    retries integer NOT NULL,
    hidden boolean NOT NULL,
    worker_id integer
);


ALTER TABLE public.djcelery_taskstate OWNER TO postgres;

--
-- Name: djcelery_taskstate_id_seq; Type: SEQUENCE; Schema: public; Owner: postgres
--

CREATE SEQUENCE public.djcelery_taskstate_id_seq
    START WITH 1
    INCREMENT BY 1
    NO MINVALUE
    NO MAXVALUE
    CACHE 1;


ALTER TABLE public.djcelery_taskstate_id_seq OWNER TO postgres;

--
-- Name: djcelery_taskstate_id_seq; Type: SEQUENCE OWNED BY; Schema: public; Owner: postgres
--

ALTER SEQUENCE public.djcelery_taskstate_id_seq OWNED BY public.djcelery_taskstate.id;


--
-- Name: djcelery_workerstate; Type: TABLE; Schema: public; Owner: postgres; Tablespace: 
--

CREATE TABLE public.djcelery_workerstate (
    id integer NOT NULL,
    hostname character varying(255) NOT NULL,
    last_heartbeat timestamp with time zone
);


ALTER TABLE public.djcelery_workerstate OWNER TO postgres;

--
-- Name: djcelery_workerstate_id_seq; Type: SEQUENCE; Schema: public; Owner: postgres
--

CREATE SEQUENCE public.djcelery_workerstate_id_seq
    START WITH 1
    INCREMENT BY 1
    NO MINVALUE
    NO MAXVALUE
    CACHE 1;


ALTER TABLE public.djcelery_workerstate_id_seq OWNER TO postgres;

--
-- Name: djcelery_workerstate_id_seq; Type: SEQUENCE OWNED BY; Schema: public; Owner: postgres
--

ALTER SEQUENCE public.djcelery_workerstate_id_seq OWNED BY public.djcelery_workerstate.id;


--
-- Name: djkombu_message; Type: TABLE; Schema: public; Owner: postgres; Tablespace: 
--

CREATE TABLE public.djkombu_message (
    id integer NOT NULL,
    visible boolean NOT NULL,
    sent_at timestamp with time zone,
    payload text NOT NULL,
    queue_id integer NOT NULL
);


ALTER TABLE public.djkombu_message OWNER TO postgres;

--
-- Name: djkombu_message_id_seq; Type: SEQUENCE; Schema: public; Owner: postgres
--

CREATE SEQUENCE public.djkombu_message_id_seq
    START WITH 1
    INCREMENT BY 1
    NO MINVALUE
    NO MAXVALUE
    CACHE 1;


ALTER TABLE public.djkombu_message_id_seq OWNER TO postgres;

--
-- Name: djkombu_message_id_seq; Type: SEQUENCE OWNED BY; Schema: public; Owner: postgres
--

ALTER SEQUENCE public.djkombu_message_id_seq OWNED BY public.djkombu_message.id;


--
-- Name: djkombu_queue; Type: TABLE; Schema: public; Owner: postgres; Tablespace: 
--

CREATE TABLE public.djkombu_queue (
    id integer NOT NULL,
    name character varying(200) NOT NULL
);


ALTER TABLE public.djkombu_queue OWNER TO postgres;

--
-- Name: djkombu_queue_id_seq; Type: SEQUENCE; Schema: public; Owner: postgres
--

CREATE SEQUENCE public.djkombu_queue_id_seq
    START WITH 1
    INCREMENT BY 1
    NO MINVALUE
    NO MAXVALUE
    CACHE 1;


ALTER TABLE public.djkombu_queue_id_seq OWNER TO postgres;

--
-- Name: djkombu_queue_id_seq; Type: SEQUENCE OWNED BY; Schema: public; Owner: postgres
--

ALTER SEQUENCE public.djkombu_queue_id_seq OWNED BY public.djkombu_queue.id;


--
-- Name: markets_currencyticker; Type: TABLE; Schema: public; Owner: postgres; Tablespace: 
--

CREATE TABLE public.markets_currencyticker (
    id integer NOT NULL,
    exchange character varying(2) NOT NULL,
    average double precision,
    base_volume double precision,
    current_volume double precision,
    high double precision,
    highest_bid double precision,
    is_frozen integer,
    last double precision,
    low double precision,
    lowest_ask double precision,
    percent_change double precision,
    price double precision,
    quote_volume double precision,
    updated integer,
    currency_pair character varying(20) NOT NULL,
    CONSTRAINT markets_currencyticker_updated_check CHECK ((updated >= 0))
);


ALTER TABLE public.markets_currencyticker OWNER TO postgres;

--
-- Name: markets_currencyticker_id_seq; Type: SEQUENCE; Schema: public; Owner: postgres
--

CREATE SEQUENCE public.markets_currencyticker_id_seq
    START WITH 1
    INCREMENT BY 1
    NO MINVALUE
    NO MAXVALUE
    CACHE 1;


ALTER TABLE public.markets_currencyticker_id_seq OWNER TO postgres;

--
-- Name: markets_currencyticker_id_seq; Type: SEQUENCE OWNED BY; Schema: public; Owner: postgres
--

ALTER SEQUENCE public.markets_currencyticker_id_seq OWNED BY public.markets_currencyticker.id;


--
-- Name: id; Type: DEFAULT; Schema: public; Owner: postgres
--

ALTER TABLE ONLY public.auth_group ALTER COLUMN id SET DEFAULT nextval('public.auth_group_id_seq'::regclass);


--
-- Name: id; Type: DEFAULT; Schema: public; Owner: postgres
--

ALTER TABLE ONLY public.auth_group_permissions ALTER COLUMN id SET DEFAULT nextval('public.auth_group_permissions_id_seq'::regclass);


--
-- Name: id; Type: DEFAULT; Schema: public; Owner: postgres
--

ALTER TABLE ONLY public.auth_permission ALTER COLUMN id SET DEFAULT nextval('public.auth_permission_id_seq'::regclass);


--
-- Name: id; Type: DEFAULT; Schema: public; Owner: postgres
--

ALTER TABLE ONLY public.auth_user ALTER COLUMN id SET DEFAULT nextval('public.auth_user_id_seq'::regclass);


--
-- Name: id; Type: DEFAULT; Schema: public; Owner: postgres
--

ALTER TABLE ONLY public.auth_user_groups ALTER COLUMN id SET DEFAULT nextval('public.auth_user_groups_id_seq'::regclass);


--
-- Name: id; Type: DEFAULT; Schema: public; Owner: postgres
--

ALTER TABLE ONLY public.auth_user_user_permissions ALTER COLUMN id SET DEFAULT nextval('public.auth_user_user_permissions_id_seq'::regclass);


--
-- Name: id; Type: DEFAULT; Schema: public; Owner: postgres
--

ALTER TABLE ONLY public.celery_taskmeta ALTER COLUMN id SET DEFAULT nextval('public.celery_taskmeta_id_seq'::regclass);


--
-- Name: id; Type: DEFAULT; Schema: public; Owner: postgres
--

ALTER TABLE ONLY public.celery_tasksetmeta ALTER COLUMN id SET DEFAULT nextval('public.celery_tasksetmeta_id_seq'::regclass);


--
-- Name: id; Type: DEFAULT; Schema: public; Owner: postgres
--

ALTER TABLE ONLY public.django_admin_log ALTER COLUMN id SET DEFAULT nextval('public.django_admin_log_id_seq'::regclass);


--
-- Name: id; Type: DEFAULT; Schema: public; Owner: postgres
--

ALTER TABLE ONLY public.django_content_type ALTER COLUMN id SET DEFAULT nextval('public.django_content_type_id_seq'::regclass);


--
-- Name: id; Type: DEFAULT; Schema: public; Owner: postgres
--

ALTER TABLE ONLY public.django_migrations ALTER COLUMN id SET DEFAULT nextval('public.django_migrations_id_seq'::regclass);


--
-- Name: id; Type: DEFAULT; Schema: public; Owner: postgres
--

ALTER TABLE ONLY public.djcelery_crontabschedule ALTER COLUMN id SET DEFAULT nextval('public.djcelery_crontabschedule_id_seq'::regclass);


--
-- Name: id; Type: DEFAULT; Schema: public; Owner: postgres
--

ALTER TABLE ONLY public.djcelery_intervalschedule ALTER COLUMN id SET DEFAULT nextval('public.djcelery_intervalschedule_id_seq'::regclass);


--
-- Name: id; Type: DEFAULT; Schema: public; Owner: postgres
--

ALTER TABLE ONLY public.djcelery_periodictask ALTER COLUMN id SET DEFAULT nextval('public.djcelery_periodictask_id_seq'::regclass);


--
-- Name: id; Type: DEFAULT; Schema: public; Owner: postgres
--

ALTER TABLE ONLY public.djcelery_taskstate ALTER COLUMN id SET DEFAULT nextval('public.djcelery_taskstate_id_seq'::regclass);


--
-- Name: id; Type: DEFAULT; Schema: public; Owner: postgres
--

ALTER TABLE ONLY public.djcelery_workerstate ALTER COLUMN id SET DEFAULT nextval('public.djcelery_workerstate_id_seq'::regclass);


--
-- Name: id; Type: DEFAULT; Schema: public; Owner: postgres
--

ALTER TABLE ONLY public.djkombu_message ALTER COLUMN id SET DEFAULT nextval('public.djkombu_message_id_seq'::regclass);


--
-- Name: id; Type: DEFAULT; Schema: public; Owner: postgres
--

ALTER TABLE ONLY public.djkombu_queue ALTER COLUMN id SET DEFAULT nextval('public.djkombu_queue_id_seq'::regclass);


--
-- Name: id; Type: DEFAULT; Schema: public; Owner: postgres
--

ALTER TABLE ONLY public.markets_currencyticker ALTER COLUMN id SET DEFAULT nextval('public.markets_currencyticker_id_seq'::regclass);


--
-- Data for Name: auth_group; Type: TABLE DATA; Schema: public; Owner: postgres
--

COPY public.auth_group (id, name) FROM stdin;
\.


--
-- Name: auth_group_id_seq; Type: SEQUENCE SET; Schema: public; Owner: postgres
--

SELECT pg_catalog.setval('public.auth_group_id_seq', 1, false);


--
-- Data for Name: auth_group_permissions; Type: TABLE DATA; Schema: public; Owner: postgres
--

COPY public.auth_group_permissions (id, group_id, permission_id) FROM stdin;
\.


--
-- Name: auth_group_permissions_id_seq; Type: SEQUENCE SET; Schema: public; Owner: postgres
--

SELECT pg_catalog.setval('public.auth_group_permissions_id_seq', 1, false);


--
-- Data for Name: auth_permission; Type: TABLE DATA; Schema: public; Owner: postgres
--

COPY public.auth_permission (id, name, content_type_id, codename) FROM stdin;
1	Can add log entry	1	add_logentry
2	Can change log entry	1	change_logentry
3	Can delete log entry	1	delete_logentry
4	Can add permission	2	add_permission
5	Can change permission	2	change_permission
6	Can delete permission	2	delete_permission
7	Can add group	3	add_group
8	Can change group	3	change_group
9	Can delete group	3	delete_group
10	Can add user	4	add_user
11	Can change user	4	change_user
12	Can delete user	4	delete_user
13	Can add content type	5	add_contenttype
14	Can change content type	5	change_contenttype
15	Can delete content type	5	delete_contenttype
16	Can add session	6	add_session
17	Can change session	6	change_session
18	Can delete session	6	delete_session
19	Can add currency ticker	7	add_currencyticker
20	Can change currency ticker	7	change_currencyticker
21	Can delete currency ticker	7	delete_currencyticker
22	Can add task state	8	add_taskmeta
23	Can change task state	8	change_taskmeta
24	Can delete task state	8	delete_taskmeta
25	Can add saved group result	9	add_tasksetmeta
26	Can change saved group result	9	change_tasksetmeta
27	Can delete saved group result	9	delete_tasksetmeta
28	Can add interval	10	add_intervalschedule
29	Can change interval	10	change_intervalschedule
30	Can delete interval	10	delete_intervalschedule
31	Can add crontab	11	add_crontabschedule
32	Can change crontab	11	change_crontabschedule
33	Can delete crontab	11	delete_crontabschedule
34	Can add periodic tasks	12	add_periodictasks
35	Can change periodic tasks	12	change_periodictasks
36	Can delete periodic tasks	12	delete_periodictasks
37	Can add periodic task	13	add_periodictask
38	Can change periodic task	13	change_periodictask
39	Can delete periodic task	13	delete_periodictask
40	Can add worker	14	add_workerstate
41	Can change worker	14	change_workerstate
42	Can delete worker	14	delete_workerstate
43	Can add task	15	add_taskstate
44	Can change task	15	change_taskstate
45	Can delete task	15	delete_taskstate
46	Can add queue	16	add_queue
47	Can change queue	16	change_queue
48	Can delete queue	16	delete_queue
49	Can add message	17	add_message
50	Can change message	17	change_message
51	Can delete message	17	delete_message
\.


--
-- Name: auth_permission_id_seq; Type: SEQUENCE SET; Schema: public; Owner: postgres
--

SELECT pg_catalog.setval('public.auth_permission_id_seq', 51, true);


--
-- Data for Name: auth_user; Type: TABLE DATA; Schema: public; Owner: postgres
--

COPY public.auth_user (id, password, last_login, is_superuser, username, first_name, last_name, email, is_staff, is_active, date_joined) FROM stdin;
1	pbkdf2_sha256$20000$VsH2nZ6ZpJKb$eZ6E1PVH0b4f63+ndAoO9/Q5aoe2afnuhcKpyRR2K8A=	2018-06-04 05:58:48.833315+00	t	connor			dshakjd@cool.com	t	t	2018-06-04 02:24:09.926083+00
\.


--
-- Data for Name: auth_user_groups; Type: TABLE DATA; Schema: public; Owner: postgres
--

COPY public.auth_user_groups (id, user_id, group_id) FROM stdin;
\.


--
-- Name: auth_user_groups_id_seq; Type: SEQUENCE SET; Schema: public; Owner: postgres
--

SELECT pg_catalog.setval('public.auth_user_groups_id_seq', 1, false);


--
-- Name: auth_user_id_seq; Type: SEQUENCE SET; Schema: public; Owner: postgres
--

SELECT pg_catalog.setval('public.auth_user_id_seq', 3, true);


--
-- Data for Name: auth_user_user_permissions; Type: TABLE DATA; Schema: public; Owner: postgres
--

COPY public.auth_user_user_permissions (id, user_id, permission_id) FROM stdin;
\.


--
-- Name: auth_user_user_permissions_id_seq; Type: SEQUENCE SET; Schema: public; Owner: postgres
--

SELECT pg_catalog.setval('public.auth_user_user_permissions_id_seq', 1, false);


--
-- Data for Name: celery_taskmeta; Type: TABLE DATA; Schema: public; Owner: postgres
--

COPY public.celery_taskmeta (id, task_id, status, result, date_done, traceback, hidden, meta) FROM stdin;
1	01085de4-f1cd-4f42-8c85-e9bec8061eee	SUCCESS	\N	2018-06-04 04:00:00.700634+00	\N	f	eJxrYKotZIzgYGBgSM7IzEkpSs0rZIotZC7WAwBWuwcA
\.


--
-- Name: celery_taskmeta_id_seq; Type: SEQUENCE SET; Schema: public; Owner: postgres
--

SELECT pg_catalog.setval('public.celery_taskmeta_id_seq', 1, true);


--
-- Data for Name: celery_tasksetmeta; Type: TABLE DATA; Schema: public; Owner: postgres
--

COPY public.celery_tasksetmeta (id, taskset_id, result, date_done, hidden) FROM stdin;
\.


--
-- Name: celery_tasksetmeta_id_seq; Type: SEQUENCE SET; Schema: public; Owner: postgres
--

SELECT pg_catalog.setval('public.celery_tasksetmeta_id_seq', 1, false);


--
-- Data for Name: django_admin_log; Type: TABLE DATA; Schema: public; Owner: postgres
--

COPY public.django_admin_log (id, action_time, object_id, object_repr, action_flag, change_message, content_type_id, user_id) FROM stdin;
1	2018-06-04 04:30:12.683767+00	2	coolguy69	1		4	1
2	2018-06-04 04:30:52.186434+00	2	coolguy69	3		4	1
3	2018-06-04 04:34:02.60508+00	3	coolguy69	1		4	1
4	2018-06-04 04:36:15.422189+00	3	coolguy69	3		4	1
5	2018-06-04 06:03:38.2528+00	1	every day	1		10	1
6	2018-06-04 06:03:54.898138+00	2	backup_database: every day	1		13	1
7	2018-06-04 06:07:10.686229+00	2	every minute	1		10	1
8	2018-06-04 06:07:51.804393+00	3	GDAX: btc_eth: every minute	1		13	1
9	2018-06-04 06:08:16.006431+00	4	GDAX: btc_ltc: every day	1		13	1
10	2018-06-04 06:08:46.070023+00	5	GDAX: btc_bch: every day	1		13	1
11	2018-06-04 06:09:29.725991+00	6	GDAX: btc_usd: every minute	1		13	1
12	2018-06-04 06:10:10.241144+00	7	GDAX: usd_eth: every minute	1		13	1
13	2018-06-04 06:10:33.24577+00	8	GDAX: usd_ltc: every minute	1		13	1
14	2018-06-04 06:10:58.25238+00	9	GDAX: usd_bch: every minute	1		13	1
15	2018-06-04 06:11:29.006337+00	10	GDAX: usd_btc: every minute	1		13	1
16	2018-06-04 06:11:59.160538+00	6	GDAX: btc_usd: every minute	3		13	1
17	2018-06-04 06:13:22.141178+00	11	LIQUI: every minute	1		13	1
18	2018-06-04 06:13:48.92928+00	12	POLONIEX: every minute	1		13	1
\.


--
-- Name: django_admin_log_id_seq; Type: SEQUENCE SET; Schema: public; Owner: postgres
--

SELECT pg_catalog.setval('public.django_admin_log_id_seq', 18, true);


--
-- Data for Name: django_content_type; Type: TABLE DATA; Schema: public; Owner: postgres
--

COPY public.django_content_type (id, app_label, model) FROM stdin;
1	admin	logentry
2	auth	permission
3	auth	group
4	auth	user
5	contenttypes	contenttype
6	sessions	session
7	markets	currencyticker
8	djcelery	taskmeta
9	djcelery	tasksetmeta
10	djcelery	intervalschedule
11	djcelery	crontabschedule
12	djcelery	periodictasks
13	djcelery	periodictask
14	djcelery	workerstate
15	djcelery	taskstate
16	kombu_transport_django	queue
17	kombu_transport_django	message
\.


--
-- Name: django_content_type_id_seq; Type: SEQUENCE SET; Schema: public; Owner: postgres
--

SELECT pg_catalog.setval('public.django_content_type_id_seq', 17, true);


--
-- Data for Name: django_migrations; Type: TABLE DATA; Schema: public; Owner: postgres
--

COPY public.django_migrations (id, app, name, applied) FROM stdin;
1	contenttypes	0001_initial	2018-06-04 05:47:36.875183+00
2	auth	0001_initial	2018-06-04 05:47:37.156837+00
3	admin	0001_initial	2018-06-04 05:47:37.23114+00
4	contenttypes	0002_remove_content_type_name	2018-06-04 05:47:37.283876+00
5	auth	0002_alter_permission_name_max_length	2018-06-04 05:47:37.312423+00
6	auth	0003_alter_user_email_max_length	2018-06-04 05:47:37.339426+00
7	auth	0004_alter_user_username_opts	2018-06-04 05:47:37.36369+00
8	auth	0005_alter_user_last_login_null	2018-06-04 05:47:37.38633+00
9	auth	0006_require_contenttypes_0002	2018-06-04 05:47:37.392812+00
10	djcelery	0001_initial	2018-06-04 05:47:37.818064+00
11	kombu_transport_django	0001_initial	2018-06-04 05:47:37.947741+00
12	markets	0001_initial	2018-06-04 05:47:37.985461+00
13	markets	0002_auto_20180304_1749	2018-06-04 05:47:38.031605+00
14	markets	0003_auto_20180305_0135	2018-06-04 05:47:38.08604+00
15	markets	0004_auto_20180306_1843	2018-06-04 05:47:38.111677+00
16	markets	0005_auto_20180311_0431	2018-06-04 05:47:38.123424+00
17	markets	0006_auto_20180312_0532	2018-06-04 05:47:38.186434+00
18	sessions	0001_initial	2018-06-04 05:47:38.235393+00
\.


--
-- Name: django_migrations_id_seq; Type: SEQUENCE SET; Schema: public; Owner: postgres
--

SELECT pg_catalog.setval('public.django_migrations_id_seq', 18, true);


--
-- Data for Name: django_session; Type: TABLE DATA; Schema: public; Owner: postgres
--

COPY public.django_session (session_key, session_data, expire_date) FROM stdin;
hr0gbbljgufu4387aic2ic16b0ksdn69	ZjQ0MTU0MTc2ZjNjODc5ZTcwMzAxNWQxZGYzZmFjZmVlNDQwOGRiNjp7Il9hdXRoX3VzZXJfaGFzaCI6ImE0N2UwYzkzZjI0OGQ1NTc2M2M0MzA2Y2I5OGI5NzAyYmZiYzg4NTkiLCJfYXV0aF91c2VyX2JhY2tlbmQiOiJkamFuZ28uY29udHJpYi5hdXRoLmJhY2tlbmRzLk1vZGVsQmFja2VuZCIsIl9hdXRoX3VzZXJfaWQiOiIxIn0=	2018-06-18 04:29:51.003728+00
unw9mjnx55xz8t2wmrpvbuix7bdmv23d	ZjQ0MTU0MTc2ZjNjODc5ZTcwMzAxNWQxZGYzZmFjZmVlNDQwOGRiNjp7Il9hdXRoX3VzZXJfaGFzaCI6ImE0N2UwYzkzZjI0OGQ1NTc2M2M0MzA2Y2I5OGI5NzAyYmZiYzg4NTkiLCJfYXV0aF91c2VyX2JhY2tlbmQiOiJkamFuZ28uY29udHJpYi5hdXRoLmJhY2tlbmRzLk1vZGVsQmFja2VuZCIsIl9hdXRoX3VzZXJfaWQiOiIxIn0=	2018-06-18 05:58:48.839496+00
\.


--
-- Data for Name: djcelery_crontabschedule; Type: TABLE DATA; Schema: public; Owner: postgres
--

COPY public.djcelery_crontabschedule (id, minute, hour, day_of_week, day_of_month, month_of_year) FROM stdin;
1	0	4	*	*	*
\.


--
-- Name: djcelery_crontabschedule_id_seq; Type: SEQUENCE SET; Schema: public; Owner: postgres
--

SELECT pg_catalog.setval('public.djcelery_crontabschedule_id_seq', 1, true);


--
-- Data for Name: djcelery_intervalschedule; Type: TABLE DATA; Schema: public; Owner: postgres
--

COPY public.djcelery_intervalschedule (id, every, period) FROM stdin;
1	1	days
2	1	minutes
\.


--
-- Name: djcelery_intervalschedule_id_seq; Type: SEQUENCE SET; Schema: public; Owner: postgres
--

SELECT pg_catalog.setval('public.djcelery_intervalschedule_id_seq', 2, true);


--
-- Data for Name: djcelery_periodictask; Type: TABLE DATA; Schema: public; Owner: postgres
--

COPY public.djcelery_periodictask (id, name, task, args, kwargs, queue, exchange, routing_key, expires, enabled, last_run_at, total_run_count, date_changed, description, crontab_id, interval_id) FROM stdin;
1	celery.backend_cleanup	celery.backend_cleanup	[]	{}	\N	\N	\N	\N	t	2018-06-04 04:00:00.002149+00	1	2018-06-04 04:01:50.096201+00		1	\N
2	backup_database	warehouse.markets.tasks.backup_db	[]	{}	\N	\N	\N	\N	t	\N	0	2018-06-04 06:03:54.896842+00		\N	1
3	GDAX: btc_eth	warehouse.markets.tasks.update_product_ticker	["gdax", "btc_eth"]	{}	\N	\N	\N	\N	t	\N	0	2018-06-04 06:07:51.802944+00		\N	2
4	GDAX: btc_ltc	warehouse.markets.tasks.update_product_ticker	["gdax", "btc_ltc"]	{}	\N	\N	\N	\N	t	\N	0	2018-06-04 06:08:16.00517+00		\N	1
5	GDAX: btc_bch	warehouse.markets.tasks.update_product_ticker	["gdax", "btc_bch"]	{}	\N	\N	\N	\N	t	\N	0	2018-06-04 06:08:46.068+00		\N	1
7	GDAX: usd_eth	warehouse.markets.tasks.update_product_ticker	["gdax", "usd_eth"]	{}	\N	\N	\N	\N	t	\N	0	2018-06-04 06:10:10.239831+00		\N	2
8	GDAX: usd_ltc	warehouse.markets.tasks.update_product_ticker	["gdax", "usd_ltc"]	{}	\N	\N	\N	\N	t	\N	0	2018-06-04 06:10:33.244391+00		\N	2
9	GDAX: usd_bch	warehouse.markets.tasks.update_product_ticker	["gdax", "usd_bch"]	{}	\N	\N	\N	\N	t	\N	0	2018-06-04 06:10:58.251295+00		\N	2
10	GDAX: usd_btc	warehouse.markets.tasks.update_product_ticker	["gdax", "usd_btc"]	{}	\N	\N	\N	\N	t	\N	0	2018-06-04 06:11:29.005251+00		\N	2
11	LIQUI	warehouse.markets.tasks.update_ticker	["liqui"]	{}	\N	\N	\N	\N	t	\N	0	2018-06-04 06:13:22.13923+00		\N	2
12	POLONIEX	warehouse.markets.tasks.update_ticker	["poloniex"]	{}	\N	\N	\N	\N	t	\N	0	2018-06-04 06:13:48.92787+00		\N	2
\.


--
-- Name: djcelery_periodictask_id_seq; Type: SEQUENCE SET; Schema: public; Owner: postgres
--

SELECT pg_catalog.setval('public.djcelery_periodictask_id_seq', 12, true);


--
-- Data for Name: djcelery_periodictasks; Type: TABLE DATA; Schema: public; Owner: postgres
--

COPY public.djcelery_periodictasks (ident, last_update) FROM stdin;
1	2018-06-04 06:13:48.925194+00
\.


--
-- Data for Name: djcelery_taskstate; Type: TABLE DATA; Schema: public; Owner: postgres
--

COPY public.djcelery_taskstate (id, state, task_id, name, tstamp, args, kwargs, eta, expires, result, traceback, runtime, retries, hidden, worker_id) FROM stdin;
\.


--
-- Name: djcelery_taskstate_id_seq; Type: SEQUENCE SET; Schema: public; Owner: postgres
--

SELECT pg_catalog.setval('public.djcelery_taskstate_id_seq', 1, false);


--
-- Data for Name: djcelery_workerstate; Type: TABLE DATA; Schema: public; Owner: postgres
--

COPY public.djcelery_workerstate (id, hostname, last_heartbeat) FROM stdin;
\.


--
-- Name: djcelery_workerstate_id_seq; Type: SEQUENCE SET; Schema: public; Owner: postgres
--

SELECT pg_catalog.setval('public.djcelery_workerstate_id_seq', 1, false);


--
-- Data for Name: djkombu_message; Type: TABLE DATA; Schema: public; Owner: postgres
--

COPY public.djkombu_message (id, visible, sent_at, payload, queue_id) FROM stdin;
\.


--
-- Name: djkombu_message_id_seq; Type: SEQUENCE SET; Schema: public; Owner: postgres
--

SELECT pg_catalog.setval('public.djkombu_message_id_seq', 1, true);


--
-- Data for Name: djkombu_queue; Type: TABLE DATA; Schema: public; Owner: postgres
--

COPY public.djkombu_queue (id, name) FROM stdin;
1	celery
2	celery@5227c9c8bd25.celery.pidbox
\.


--
-- Name: djkombu_queue_id_seq; Type: SEQUENCE SET; Schema: public; Owner: postgres
--

SELECT pg_catalog.setval('public.djkombu_queue_id_seq', 2, true);


--
-- Data for Name: markets_currencyticker; Type: TABLE DATA; Schema: public; Owner: postgres
--

COPY public.markets_currencyticker (id, exchange, average, base_volume, current_volume, high, highest_bid, is_frozen, last, low, lowest_ask, percent_change, price, quote_volume, updated, currency_pair) FROM stdin;
\.


--
-- Name: markets_currencyticker_id_seq; Type: SEQUENCE SET; Schema: public; Owner: postgres
--

SELECT pg_catalog.setval('public.markets_currencyticker_id_seq', 1, false);


--
-- Name: auth_group_name_key; Type: CONSTRAINT; Schema: public; Owner: postgres; Tablespace: 
--

ALTER TABLE ONLY public.auth_group
    ADD CONSTRAINT auth_group_name_key UNIQUE (name);


--
-- Name: auth_group_permissions_group_id_permission_id_key; Type: CONSTRAINT; Schema: public; Owner: postgres; Tablespace: 
--

ALTER TABLE ONLY public.auth_group_permissions
    ADD CONSTRAINT auth_group_permissions_group_id_permission_id_key UNIQUE (group_id, permission_id);


--
-- Name: auth_group_permissions_pkey; Type: CONSTRAINT; Schema: public; Owner: postgres; Tablespace: 
--

ALTER TABLE ONLY public.auth_group_permissions
    ADD CONSTRAINT auth_group_permissions_pkey PRIMARY KEY (id);


--
-- Name: auth_group_pkey; Type: CONSTRAINT; Schema: public; Owner: postgres; Tablespace: 
--

ALTER TABLE ONLY public.auth_group
    ADD CONSTRAINT auth_group_pkey PRIMARY KEY (id);


--
-- Name: auth_permission_content_type_id_codename_key; Type: CONSTRAINT; Schema: public; Owner: postgres; Tablespace: 
--

ALTER TABLE ONLY public.auth_permission
    ADD CONSTRAINT auth_permission_content_type_id_codename_key UNIQUE (content_type_id, codename);


--
-- Name: auth_permission_pkey; Type: CONSTRAINT; Schema: public; Owner: postgres; Tablespace: 
--

ALTER TABLE ONLY public.auth_permission
    ADD CONSTRAINT auth_permission_pkey PRIMARY KEY (id);


--
-- Name: auth_user_groups_pkey; Type: CONSTRAINT; Schema: public; Owner: postgres; Tablespace: 
--

ALTER TABLE ONLY public.auth_user_groups
    ADD CONSTRAINT auth_user_groups_pkey PRIMARY KEY (id);


--
-- Name: auth_user_groups_user_id_group_id_key; Type: CONSTRAINT; Schema: public; Owner: postgres; Tablespace: 
--

ALTER TABLE ONLY public.auth_user_groups
    ADD CONSTRAINT auth_user_groups_user_id_group_id_key UNIQUE (user_id, group_id);


--
-- Name: auth_user_pkey; Type: CONSTRAINT; Schema: public; Owner: postgres; Tablespace: 
--

ALTER TABLE ONLY public.auth_user
    ADD CONSTRAINT auth_user_pkey PRIMARY KEY (id);


--
-- Name: auth_user_user_permissions_pkey; Type: CONSTRAINT; Schema: public; Owner: postgres; Tablespace: 
--

ALTER TABLE ONLY public.auth_user_user_permissions
    ADD CONSTRAINT auth_user_user_permissions_pkey PRIMARY KEY (id);


--
-- Name: auth_user_user_permissions_user_id_permission_id_key; Type: CONSTRAINT; Schema: public; Owner: postgres; Tablespace: 
--

ALTER TABLE ONLY public.auth_user_user_permissions
    ADD CONSTRAINT auth_user_user_permissions_user_id_permission_id_key UNIQUE (user_id, permission_id);


--
-- Name: auth_user_username_key; Type: CONSTRAINT; Schema: public; Owner: postgres; Tablespace: 
--

ALTER TABLE ONLY public.auth_user
    ADD CONSTRAINT auth_user_username_key UNIQUE (username);


--
-- Name: celery_taskmeta_pkey; Type: CONSTRAINT; Schema: public; Owner: postgres; Tablespace: 
--

ALTER TABLE ONLY public.celery_taskmeta
    ADD CONSTRAINT celery_taskmeta_pkey PRIMARY KEY (id);


--
-- Name: celery_taskmeta_task_id_key; Type: CONSTRAINT; Schema: public; Owner: postgres; Tablespace: 
--

ALTER TABLE ONLY public.celery_taskmeta
    ADD CONSTRAINT celery_taskmeta_task_id_key UNIQUE (task_id);


--
-- Name: celery_tasksetmeta_pkey; Type: CONSTRAINT; Schema: public; Owner: postgres; Tablespace: 
--

ALTER TABLE ONLY public.celery_tasksetmeta
    ADD CONSTRAINT celery_tasksetmeta_pkey PRIMARY KEY (id);


--
-- Name: celery_tasksetmeta_taskset_id_key; Type: CONSTRAINT; Schema: public; Owner: postgres; Tablespace: 
--

ALTER TABLE ONLY public.celery_tasksetmeta
    ADD CONSTRAINT celery_tasksetmeta_taskset_id_key UNIQUE (taskset_id);


--
-- Name: django_admin_log_pkey; Type: CONSTRAINT; Schema: public; Owner: postgres; Tablespace: 
--

ALTER TABLE ONLY public.django_admin_log
    ADD CONSTRAINT django_admin_log_pkey PRIMARY KEY (id);


--
-- Name: django_content_type_app_label_45f3b1d93ec8c61c_uniq; Type: CONSTRAINT; Schema: public; Owner: postgres; Tablespace: 
--

ALTER TABLE ONLY public.django_content_type
    ADD CONSTRAINT django_content_type_app_label_45f3b1d93ec8c61c_uniq UNIQUE (app_label, model);


--
-- Name: django_content_type_pkey; Type: CONSTRAINT; Schema: public; Owner: postgres; Tablespace: 
--

ALTER TABLE ONLY public.django_content_type
    ADD CONSTRAINT django_content_type_pkey PRIMARY KEY (id);


--
-- Name: django_migrations_pkey; Type: CONSTRAINT; Schema: public; Owner: postgres; Tablespace: 
--

ALTER TABLE ONLY public.django_migrations
    ADD CONSTRAINT django_migrations_pkey PRIMARY KEY (id);


--
-- Name: django_session_pkey; Type: CONSTRAINT; Schema: public; Owner: postgres; Tablespace: 
--

ALTER TABLE ONLY public.django_session
    ADD CONSTRAINT django_session_pkey PRIMARY KEY (session_key);


--
-- Name: djcelery_crontabschedule_pkey; Type: CONSTRAINT; Schema: public; Owner: postgres; Tablespace: 
--

ALTER TABLE ONLY public.djcelery_crontabschedule
    ADD CONSTRAINT djcelery_crontabschedule_pkey PRIMARY KEY (id);


--
-- Name: djcelery_intervalschedule_pkey; Type: CONSTRAINT; Schema: public; Owner: postgres; Tablespace: 
--

ALTER TABLE ONLY public.djcelery_intervalschedule
    ADD CONSTRAINT djcelery_intervalschedule_pkey PRIMARY KEY (id);


--
-- Name: djcelery_periodictask_name_key; Type: CONSTRAINT; Schema: public; Owner: postgres; Tablespace: 
--

ALTER TABLE ONLY public.djcelery_periodictask
    ADD CONSTRAINT djcelery_periodictask_name_key UNIQUE (name);


--
-- Name: djcelery_periodictask_pkey; Type: CONSTRAINT; Schema: public; Owner: postgres; Tablespace: 
--

ALTER TABLE ONLY public.djcelery_periodictask
    ADD CONSTRAINT djcelery_periodictask_pkey PRIMARY KEY (id);


--
-- Name: djcelery_periodictasks_pkey; Type: CONSTRAINT; Schema: public; Owner: postgres; Tablespace: 
--

ALTER TABLE ONLY public.djcelery_periodictasks
    ADD CONSTRAINT djcelery_periodictasks_pkey PRIMARY KEY (ident);


--
-- Name: djcelery_taskstate_pkey; Type: CONSTRAINT; Schema: public; Owner: postgres; Tablespace: 
--

ALTER TABLE ONLY public.djcelery_taskstate
    ADD CONSTRAINT djcelery_taskstate_pkey PRIMARY KEY (id);


--
-- Name: djcelery_taskstate_task_id_key; Type: CONSTRAINT; Schema: public; Owner: postgres; Tablespace: 
--

ALTER TABLE ONLY public.djcelery_taskstate
    ADD CONSTRAINT djcelery_taskstate_task_id_key UNIQUE (task_id);


--
-- Name: djcelery_workerstate_hostname_key; Type: CONSTRAINT; Schema: public; Owner: postgres; Tablespace: 
--

ALTER TABLE ONLY public.djcelery_workerstate
    ADD CONSTRAINT djcelery_workerstate_hostname_key UNIQUE (hostname);


--
-- Name: djcelery_workerstate_pkey; Type: CONSTRAINT; Schema: public; Owner: postgres; Tablespace: 
--

ALTER TABLE ONLY public.djcelery_workerstate
    ADD CONSTRAINT djcelery_workerstate_pkey PRIMARY KEY (id);


--
-- Name: djkombu_message_pkey; Type: CONSTRAINT; Schema: public; Owner: postgres; Tablespace: 
--

ALTER TABLE ONLY public.djkombu_message
    ADD CONSTRAINT djkombu_message_pkey PRIMARY KEY (id);


--
-- Name: djkombu_queue_name_key; Type: CONSTRAINT; Schema: public; Owner: postgres; Tablespace: 
--

ALTER TABLE ONLY public.djkombu_queue
    ADD CONSTRAINT djkombu_queue_name_key UNIQUE (name);


--
-- Name: djkombu_queue_pkey; Type: CONSTRAINT; Schema: public; Owner: postgres; Tablespace: 
--

ALTER TABLE ONLY public.djkombu_queue
    ADD CONSTRAINT djkombu_queue_pkey PRIMARY KEY (id);


--
-- Name: markets_currencyticker_pkey; Type: CONSTRAINT; Schema: public; Owner: postgres; Tablespace: 
--

ALTER TABLE ONLY public.markets_currencyticker
    ADD CONSTRAINT markets_currencyticker_pkey PRIMARY KEY (id);


--
-- Name: auth_group_name_253ae2a6331666e8_like; Type: INDEX; Schema: public; Owner: postgres; Tablespace: 
--

CREATE INDEX auth_group_name_253ae2a6331666e8_like ON public.auth_group USING btree (name varchar_pattern_ops);


--
-- Name: auth_group_permissions_0e939a4f; Type: INDEX; Schema: public; Owner: postgres; Tablespace: 
--

CREATE INDEX auth_group_permissions_0e939a4f ON public.auth_group_permissions USING btree (group_id);


--
-- Name: auth_group_permissions_8373b171; Type: INDEX; Schema: public; Owner: postgres; Tablespace: 
--

CREATE INDEX auth_group_permissions_8373b171 ON public.auth_group_permissions USING btree (permission_id);


--
-- Name: auth_permission_417f1b1c; Type: INDEX; Schema: public; Owner: postgres; Tablespace: 
--

CREATE INDEX auth_permission_417f1b1c ON public.auth_permission USING btree (content_type_id);


--
-- Name: auth_user_groups_0e939a4f; Type: INDEX; Schema: public; Owner: postgres; Tablespace: 
--

CREATE INDEX auth_user_groups_0e939a4f ON public.auth_user_groups USING btree (group_id);


--
-- Name: auth_user_groups_e8701ad4; Type: INDEX; Schema: public; Owner: postgres; Tablespace: 
--

CREATE INDEX auth_user_groups_e8701ad4 ON public.auth_user_groups USING btree (user_id);


--
-- Name: auth_user_user_permissions_8373b171; Type: INDEX; Schema: public; Owner: postgres; Tablespace: 
--

CREATE INDEX auth_user_user_permissions_8373b171 ON public.auth_user_user_permissions USING btree (permission_id);


--
-- Name: auth_user_user_permissions_e8701ad4; Type: INDEX; Schema: public; Owner: postgres; Tablespace: 
--

CREATE INDEX auth_user_user_permissions_e8701ad4 ON public.auth_user_user_permissions USING btree (user_id);


--
-- Name: auth_user_username_51b3b110094b8aae_like; Type: INDEX; Schema: public; Owner: postgres; Tablespace: 
--

CREATE INDEX auth_user_username_51b3b110094b8aae_like ON public.auth_user USING btree (username varchar_pattern_ops);


--
-- Name: celery_taskmeta_662f707d; Type: INDEX; Schema: public; Owner: postgres; Tablespace: 
--

CREATE INDEX celery_taskmeta_662f707d ON public.celery_taskmeta USING btree (hidden);


--
-- Name: celery_taskmeta_task_id_1efd6ed1da631331_like; Type: INDEX; Schema: public; Owner: postgres; Tablespace: 
--

CREATE INDEX celery_taskmeta_task_id_1efd6ed1da631331_like ON public.celery_taskmeta USING btree (task_id varchar_pattern_ops);


--
-- Name: celery_tasksetmeta_662f707d; Type: INDEX; Schema: public; Owner: postgres; Tablespace: 
--

CREATE INDEX celery_tasksetmeta_662f707d ON public.celery_tasksetmeta USING btree (hidden);


--
-- Name: celery_tasksetmeta_taskset_id_24b26c359742c9ab_like; Type: INDEX; Schema: public; Owner: postgres; Tablespace: 
--

CREATE INDEX celery_tasksetmeta_taskset_id_24b26c359742c9ab_like ON public.celery_tasksetmeta USING btree (taskset_id varchar_pattern_ops);


--
-- Name: django_admin_log_417f1b1c; Type: INDEX; Schema: public; Owner: postgres; Tablespace: 
--

CREATE INDEX django_admin_log_417f1b1c ON public.django_admin_log USING btree (content_type_id);


--
-- Name: django_admin_log_e8701ad4; Type: INDEX; Schema: public; Owner: postgres; Tablespace: 
--

CREATE INDEX django_admin_log_e8701ad4 ON public.django_admin_log USING btree (user_id);


--
-- Name: django_session_de54fa62; Type: INDEX; Schema: public; Owner: postgres; Tablespace: 
--

CREATE INDEX django_session_de54fa62 ON public.django_session USING btree (expire_date);


--
-- Name: django_session_session_key_461cfeaa630ca218_like; Type: INDEX; Schema: public; Owner: postgres; Tablespace: 
--

CREATE INDEX django_session_session_key_461cfeaa630ca218_like ON public.django_session USING btree (session_key varchar_pattern_ops);


--
-- Name: djcelery_periodictask_1dcd7040; Type: INDEX; Schema: public; Owner: postgres; Tablespace: 
--

CREATE INDEX djcelery_periodictask_1dcd7040 ON public.djcelery_periodictask USING btree (interval_id);


--
-- Name: djcelery_periodictask_f3f0d72a; Type: INDEX; Schema: public; Owner: postgres; Tablespace: 
--

CREATE INDEX djcelery_periodictask_f3f0d72a ON public.djcelery_periodictask USING btree (crontab_id);


--
-- Name: djcelery_periodictask_name_47c621f8dc029d22_like; Type: INDEX; Schema: public; Owner: postgres; Tablespace: 
--

CREATE INDEX djcelery_periodictask_name_47c621f8dc029d22_like ON public.djcelery_periodictask USING btree (name varchar_pattern_ops);


--
-- Name: djcelery_taskstate_662f707d; Type: INDEX; Schema: public; Owner: postgres; Tablespace: 
--

CREATE INDEX djcelery_taskstate_662f707d ON public.djcelery_taskstate USING btree (hidden);


--
-- Name: djcelery_taskstate_863bb2ee; Type: INDEX; Schema: public; Owner: postgres; Tablespace: 
--

CREATE INDEX djcelery_taskstate_863bb2ee ON public.djcelery_taskstate USING btree (tstamp);


--
-- Name: djcelery_taskstate_9ed39e2e; Type: INDEX; Schema: public; Owner: postgres; Tablespace: 
--

CREATE INDEX djcelery_taskstate_9ed39e2e ON public.djcelery_taskstate USING btree (state);


--
-- Name: djcelery_taskstate_b068931c; Type: INDEX; Schema: public; Owner: postgres; Tablespace: 
--

CREATE INDEX djcelery_taskstate_b068931c ON public.djcelery_taskstate USING btree (name);


--
-- Name: djcelery_taskstate_ce77e6ef; Type: INDEX; Schema: public; Owner: postgres; Tablespace: 
--

CREATE INDEX djcelery_taskstate_ce77e6ef ON public.djcelery_taskstate USING btree (worker_id);


--
-- Name: djcelery_taskstate_name_4337b4449e8827d_like; Type: INDEX; Schema: public; Owner: postgres; Tablespace: 
--

CREATE INDEX djcelery_taskstate_name_4337b4449e8827d_like ON public.djcelery_taskstate USING btree (name varchar_pattern_ops);


--
-- Name: djcelery_taskstate_state_19cb9b39780e399c_like; Type: INDEX; Schema: public; Owner: postgres; Tablespace: 
--

CREATE INDEX djcelery_taskstate_state_19cb9b39780e399c_like ON public.djcelery_taskstate USING btree (state varchar_pattern_ops);


--
-- Name: djcelery_taskstate_task_id_29366bc6dcd6fd60_like; Type: INDEX; Schema: public; Owner: postgres; Tablespace: 
--

CREATE INDEX djcelery_taskstate_task_id_29366bc6dcd6fd60_like ON public.djcelery_taskstate USING btree (task_id varchar_pattern_ops);


--
-- Name: djcelery_workerstate_f129901a; Type: INDEX; Schema: public; Owner: postgres; Tablespace: 
--

CREATE INDEX djcelery_workerstate_f129901a ON public.djcelery_workerstate USING btree (last_heartbeat);


--
-- Name: djcelery_workerstate_hostname_3900851044588416_like; Type: INDEX; Schema: public; Owner: postgres; Tablespace: 
--

CREATE INDEX djcelery_workerstate_hostname_3900851044588416_like ON public.djcelery_workerstate USING btree (hostname varchar_pattern_ops);


--
-- Name: djkombu_message_46cf0e59; Type: INDEX; Schema: public; Owner: postgres; Tablespace: 
--

CREATE INDEX djkombu_message_46cf0e59 ON public.djkombu_message USING btree (visible);


--
-- Name: djkombu_message_75249aa1; Type: INDEX; Schema: public; Owner: postgres; Tablespace: 
--

CREATE INDEX djkombu_message_75249aa1 ON public.djkombu_message USING btree (queue_id);


--
-- Name: djkombu_message_df2f2974; Type: INDEX; Schema: public; Owner: postgres; Tablespace: 
--

CREATE INDEX djkombu_message_df2f2974 ON public.djkombu_message USING btree (sent_at);


--
-- Name: djkombu_queue_name_1c24e49fd475ad53_like; Type: INDEX; Schema: public; Owner: postgres; Tablespace: 
--

CREATE INDEX djkombu_queue_name_1c24e49fd475ad53_like ON public.djkombu_queue USING btree (name varchar_pattern_ops);


--
-- Name: auth_content_type_id_508cf46651277a81_fk_django_content_type_id; Type: FK CONSTRAINT; Schema: public; Owner: postgres
--

ALTER TABLE ONLY public.auth_permission
    ADD CONSTRAINT auth_content_type_id_508cf46651277a81_fk_django_content_type_id FOREIGN KEY (content_type_id) REFERENCES public.django_content_type(id) DEFERRABLE INITIALLY DEFERRED;


--
-- Name: auth_group_permissio_group_id_689710a9a73b7457_fk_auth_group_id; Type: FK CONSTRAINT; Schema: public; Owner: postgres
--

ALTER TABLE ONLY public.auth_group_permissions
    ADD CONSTRAINT auth_group_permissio_group_id_689710a9a73b7457_fk_auth_group_id FOREIGN KEY (group_id) REFERENCES public.auth_group(id) DEFERRABLE INITIALLY DEFERRED;


--
-- Name: auth_group_permission_id_1f49ccbbdc69d2fc_fk_auth_permission_id; Type: FK CONSTRAINT; Schema: public; Owner: postgres
--

ALTER TABLE ONLY public.auth_group_permissions
    ADD CONSTRAINT auth_group_permission_id_1f49ccbbdc69d2fc_fk_auth_permission_id FOREIGN KEY (permission_id) REFERENCES public.auth_permission(id) DEFERRABLE INITIALLY DEFERRED;


--
-- Name: auth_user__permission_id_384b62483d7071f0_fk_auth_permission_id; Type: FK CONSTRAINT; Schema: public; Owner: postgres
--

ALTER TABLE ONLY public.auth_user_user_permissions
    ADD CONSTRAINT auth_user__permission_id_384b62483d7071f0_fk_auth_permission_id FOREIGN KEY (permission_id) REFERENCES public.auth_permission(id) DEFERRABLE INITIALLY DEFERRED;


--
-- Name: auth_user_groups_group_id_33ac548dcf5f8e37_fk_auth_group_id; Type: FK CONSTRAINT; Schema: public; Owner: postgres
--

ALTER TABLE ONLY public.auth_user_groups
    ADD CONSTRAINT auth_user_groups_group_id_33ac548dcf5f8e37_fk_auth_group_id FOREIGN KEY (group_id) REFERENCES public.auth_group(id) DEFERRABLE INITIALLY DEFERRED;


--
-- Name: auth_user_groups_user_id_4b5ed4ffdb8fd9b0_fk_auth_user_id; Type: FK CONSTRAINT; Schema: public; Owner: postgres
--

ALTER TABLE ONLY public.auth_user_groups
    ADD CONSTRAINT auth_user_groups_user_id_4b5ed4ffdb8fd9b0_fk_auth_user_id FOREIGN KEY (user_id) REFERENCES public.auth_user(id) DEFERRABLE INITIALLY DEFERRED;


--
-- Name: auth_user_user_permiss_user_id_7f0938558328534a_fk_auth_user_id; Type: FK CONSTRAINT; Schema: public; Owner: postgres
--

ALTER TABLE ONLY public.auth_user_user_permissions
    ADD CONSTRAINT auth_user_user_permiss_user_id_7f0938558328534a_fk_auth_user_id FOREIGN KEY (user_id) REFERENCES public.auth_user(id) DEFERRABLE INITIALLY DEFERRED;


--
-- Name: dj_interval_id_20cfc1cad060dfad_fk_djcelery_intervalschedule_id; Type: FK CONSTRAINT; Schema: public; Owner: postgres
--

ALTER TABLE ONLY public.djcelery_periodictask
    ADD CONSTRAINT dj_interval_id_20cfc1cad060dfad_fk_djcelery_intervalschedule_id FOREIGN KEY (interval_id) REFERENCES public.djcelery_intervalschedule(id) DEFERRABLE INITIALLY DEFERRED;


--
-- Name: djan_content_type_id_697914295151027a_fk_django_content_type_id; Type: FK CONSTRAINT; Schema: public; Owner: postgres
--

ALTER TABLE ONLY public.django_admin_log
    ADD CONSTRAINT djan_content_type_id_697914295151027a_fk_django_content_type_id FOREIGN KEY (content_type_id) REFERENCES public.django_content_type(id) DEFERRABLE INITIALLY DEFERRED;


--
-- Name: django_admin_log_user_id_52fdd58701c5f563_fk_auth_user_id; Type: FK CONSTRAINT; Schema: public; Owner: postgres
--

ALTER TABLE ONLY public.django_admin_log
    ADD CONSTRAINT django_admin_log_user_id_52fdd58701c5f563_fk_auth_user_id FOREIGN KEY (user_id) REFERENCES public.auth_user(id) DEFERRABLE INITIALLY DEFERRED;


--
-- Name: djce_crontab_id_1d8228f5b44b680a_fk_djcelery_crontabschedule_id; Type: FK CONSTRAINT; Schema: public; Owner: postgres
--

ALTER TABLE ONLY public.djcelery_periodictask
    ADD CONSTRAINT djce_crontab_id_1d8228f5b44b680a_fk_djcelery_crontabschedule_id FOREIGN KEY (crontab_id) REFERENCES public.djcelery_crontabschedule(id) DEFERRABLE INITIALLY DEFERRED;


--
-- Name: djcelery__worker_id_30050731b1c3d3d9_fk_djcelery_workerstate_id; Type: FK CONSTRAINT; Schema: public; Owner: postgres
--

ALTER TABLE ONLY public.djcelery_taskstate
    ADD CONSTRAINT djcelery__worker_id_30050731b1c3d3d9_fk_djcelery_workerstate_id FOREIGN KEY (worker_id) REFERENCES public.djcelery_workerstate(id) DEFERRABLE INITIALLY DEFERRED;


--
-- Name: djkombu_message_queue_id_12778caea7843dd_fk_djkombu_queue_id; Type: FK CONSTRAINT; Schema: public; Owner: postgres
--

ALTER TABLE ONLY public.djkombu_message
    ADD CONSTRAINT djkombu_message_queue_id_12778caea7843dd_fk_djkombu_queue_id FOREIGN KEY (queue_id) REFERENCES public.djkombu_queue(id) DEFERRABLE INITIALLY DEFERRED;


--
-- Name: SCHEMA public; Type: ACL; Schema: -; Owner: postgres
--

REVOKE ALL ON SCHEMA public FROM PUBLIC;
REVOKE ALL ON SCHEMA public FROM postgres;
GRANT ALL ON SCHEMA public TO postgres;
GRANT ALL ON SCHEMA public TO PUBLIC;


--
-- PostgreSQL database dump complete
--

